{"errors":[],"warnings":[],"namedChunkGroups":{"polyfill":{"chunks":[1,0,8],"assets":["webpack-runtime-bf61c5fd95583a395798.js","webpack-runtime-bf61c5fd95583a395798.js.map","commons-f9ff2aa08154854e48c7.js","commons-f9ff2aa08154854e48c7.js.map","polyfill-6f16982c22488dfbcec7.js","polyfill-6f16982c22488dfbcec7.js.map"],"children":{},"childAssets":{}},"app":{"chunks":[1,7,2,6,0,3],"assets":["webpack-runtime-bf61c5fd95583a395798.js","webpack-runtime-bf61c5fd95583a395798.js.map","framework-83e11af5cf111be5ad89.js","framework-83e11af5cf111be5ad89.js.map","0eceb729-121311ef49c884dab93b.js","0eceb729-121311ef49c884dab93b.js.map","d6a9949e-246799589065002d64d8.js","d6a9949e-246799589065002d64d8.js.map","commons-f9ff2aa08154854e48c7.js","commons-f9ff2aa08154854e48c7.js.map","app-6b3874859c4caac6f702.js","app-6b3874859c4caac6f702.js.map"],"children":{},"childAssets":{}},"component---src-pages-app-js":{"chunks":[0,4],"assets":["commons-f9ff2aa08154854e48c7.js","commons-f9ff2aa08154854e48c7.js.map","component---src-pages-app-js-d8e8c3c8cd4af3333f53.js","component---src-pages-app-js-d8e8c3c8cd4af3333f53.js.map"],"children":{},"childAssets":{}},"component---src-pages-index-js":{"chunks":[0,5],"assets":["commons-f9ff2aa08154854e48c7.js","commons-f9ff2aa08154854e48c7.js.map","component---src-pages-index-js-d942b6d648fb719f08d7.js","component---src-pages-index-js-d942b6d648fb719f08d7.js.map"],"children":{},"childAssets":{}}},"assetsByChunkName":{"polyfill":["webpack-runtime-bf61c5fd95583a395798.js","commons-f9ff2aa08154854e48c7.js","polyfill-6f16982c22488dfbcec7.js"],"app":["webpack-runtime-bf61c5fd95583a395798.js","framework-83e11af5cf111be5ad89.js","0eceb729-121311ef49c884dab93b.js","d6a9949e-246799589065002d64d8.js","commons-f9ff2aa08154854e48c7.js","app-6b3874859c4caac6f702.js"],"component---src-pages-app-js":["commons-f9ff2aa08154854e48c7.js","component---src-pages-app-js-d8e8c3c8cd4af3333f53.js"],"component---src-pages-index-js":["commons-f9ff2aa08154854e48c7.js","component---src-pages-index-js-d942b6d648fb719f08d7.js"]}}